trader_id,strategy_id,instrument_id,account_id,opening_order_id,closing_order_id,entry,side,quantity,peak_qty,ts_init,ts_opened,ts_last,ts_closed,duration_ns,avg_px_open,avg_px_close,commissions,realized_return,realized_pnl,is_snapshot
BACKTESTER-001,EMACrossStrategy-000,BTCUSD.CRYPTO,CRYPTO-001,O-20130521-000000-001-000-1,O-20130607-000000-001-000-2,BUY,FLAT,0,1,1369094400000000000,2013-05-21 00:00:00+00:00,1370563200000000000,2013-06-07 00:00:00+00:00,1468800000000000,122.88,111.5,['0.23 USD'],-0.09261,-11.61 USD,True
BACKTESTER-001,EMACrossStrategy-000,BTCUSD.CRYPTO,CRYPTO-001,O-20130607-000000-001-000-3,O-20130716-000000-001-000-4,SELL,FLAT,0,1,1370563200000000000,2013-06-07 00:00:00+00:00,1373932800000000000,2013-07-16 00:00:00+00:00,3369600000000000,111.5,97.45,['0.21 USD'],0.12601,13.84 USD,True
BACKTESTER-001,EMACrossStrategy-000,BTCUSD.CRYPTO,CRYPTO-001,O-20130716-000000-001-000-5,O-20131002-000000-001-000-6,BUY,FLAT,0,1,1373932800000000000,2013-07-16 00:00:00+00:00,1380672000000000000,2013-10-02 00:00:00+00:00,6739200000000000,97.45,114.13,['0.21 USD'],0.17116,16.47 USD,True
BACKTESTER-001,EMACrossStrategy-000,BTCUSD.CRYPTO,CRYPTO-001,O-20131002-000000-001-000-7,O-20131010-000000-001-000-8,SELL,FLAT,0,1,1380672000000000000,2013-10-02 00:00:00+00:00,1381363200000000000,2013-10-10 00:00:00+00:00,691200000000000,114.13,130.59,['0.24 USD'],-0.14422,-16.70 USD,True
BACKTESTER-001,EMACrossStrategy-000,BTCUSD.CRYPTO,CRYPTO-001,O-20131010-000000-001-000-9,O-20131217-000000-001-000-10,BUY,FLAT,0,1,1381363200000000000,2013-10-10 00:00:00+00:00,1387238400000000000,2013-12-17 00:00:00+00:00,5875200000000000,130.59,682.12,['0.81 USD'],4.22337,550.72 USD,True
BACKTESTER-001,EMACrossStrategy-000,BTCUSD.CRYPTO,CRYPTO-001,O-20131217-000000-001-000-11,O-20140102-000000-001-000-12,SELL,FLAT,0,1,1387238400000000000,2013-12-17 00:00:00+00:00,1388620800000000000,2014-01-02 00:00:00+00:00,1382400000000000,682.12,802.39,['1.48 USD'],-0.17632,-121.75 USD,True
BACKTESTER-001,EMACrossStrategy-000,BTCUSD.CRYPTO,CRYPTO-001,O-20140102-000000-001-000-13,O-20140127-000000-001-000-14,BUY,FLAT,0,1,1388620800000000000,2014-01-02 00:00:00+00:00,1390780800000000000,2014-01-27 00:00:00+00:00,2160000000000000,802.39,771.39,['1.57 USD'],-0.03863,-32.57 USD,True
BACKTESTER-001,EMACrossStrategy-000,BTCUSD.CRYPTO,CRYPTO-001,O-20140127-000000-001-000-15,O-20140312-000000-001-000-16,SELL,FLAT,0,1,1390780800000000000,2014-01-27 00:00:00+00:00,1394582400000000000,2014-03-12 00:00:00+00:00,3801600000000000,771.39,632.1,['1.40 USD'],0.18057,137.89 USD,True
BACKTESTER-001,EMACrossStrategy-000,BTCUSD.CRYPTO,CRYPTO-001,O-20140312-000000-001-000-17,O-20140318-000000-001-000-18,BUY,FLAT,0,1,1394582400000000000,2014-03-12 00:00:00+00:00,1395100800000000000,2014-03-18 00:00:00+00:00,518400000000000,632.1,614.83,['1.24 USD'],-0.02732,-18.51 USD,True
BACKTESTER-001,EMACrossStrategy-000,BTCUSD.CRYPTO,CRYPTO-001,O-20140318-000000-001-000-19,O-20140420-000000-001-000-20,SELL,FLAT,0,1,1395100800000000000,2014-03-18 00:00:00+00:00,1397952000000000000,2014-04-20 00:00:00+00:00,2851200000000000,614.83,498.17,['1.11 USD'],0.18974,115.55 USD,True
BACKTESTER-001,EMACrossStrategy-000,BTCUSD.CRYPTO,CRYPTO-001,O-20140420-000000-001-000-21,O-20140426-000000-001-000-22,BUY,FLAT,0,1,1397952000000000000,2014-04-20 00:00:00+00:00,1398470400000000000,2014-04-26 00:00:00+00:00,518400000000000,498.17,458.6,['0.96 USD'],-0.07943,-40.53 USD,True
BACKTESTER-001,EMACrossStrategy-000,BTCUSD.CRYPTO,CRYPTO-001,O-20140426-000000-001-000-23,O-20140520-000000-001-000-24,SELL,FLAT,0,1,1398470400000000000,2014-04-26 00:00:00+00:00,1400544000000000000,2014-05-20 00:00:00+00:00,2073600000000000,458.6,485.72,['0.95 USD'],-0.05914,-28.07 USD,True
BACKTESTER-001,EMACrossStrategy-000,BTCUSD.CRYPTO,CRYPTO-001,O-20140520-000000-001-000-25,O-20140624-000000-001-000-26,BUY,FLAT,0,1,1400544000000000000,2014-05-20 00:00:00+00:00,1403568000000000000,2014-06-24 00:00:00+00:00,3024000000000000,485.72,582.36,['1.07 USD'],0.19896,95.57 USD,True
BACKTESTER-001,EMACrossStrategy-000,BTCUSD.CRYPTO,CRYPTO-001,O-20140624-000000-001-000-27,O-20140630-000000-001-000-28,SELL,FLAT,0,1,1403568000000000000,2014-06-24 00:00:00+00:00,1404086400000000000,2014-06-30 00:00:00+00:00,518400000000000,582.36,639.8,['1.22 USD'],-0.09863,-58.66 USD,True
BACKTESTER-001,EMACrossStrategy-000,BTCUSD.CRYPTO,CRYPTO-001,O-20140630-000000-001-000-29,O-20140724-000000-001-000-30,BUY,FLAT,0,1,1404086400000000000,2014-06-30 00:00:00+00:00,1406160000000000000,2014-07-24 00:00:00+00:00,2073600000000000,639.8,601.73,['1.24 USD'],-0.0595,-39.31 USD,True
BACKTESTER-001,EMACrossStrategy-000,BTCUSD.CRYPTO,CRYPTO-001,O-20140724-000000-001-000-31,O-20141021-000000-001-000-32,SELL,FLAT,0,1,1406160000000000000,2014-07-24 00:00:00+00:00,1413849600000000000,2014-10-21 00:00:00+00:00,7689600000000000,601.73,386.48,['0.99 USD'],0.35772,214.26 USD,True
BACKTESTER-001,EMACrossStrategy-000,BTCUSD.CRYPTO,CRYPTO-001,O-20141021-000000-001-000-33,O-20141023-000000-001-000-34,BUY,FLAT,0,1,1413849600000000000,2014-10-21 00:00:00+00:00,1414022400000000000,2014-10-23 00:00:00+00:00,172800000000000,386.48,358.42,['0.75 USD'],-0.0726,-28.81 USD,True
BACKTESTER-001,EMACrossStrategy-000,BTCUSD.CRYPTO,CRYPTO-001,O-20141023-000000-001-000-35,O-20141112-000000-001-000-36,SELL,FLAT,0,1,1414022400000000000,2014-10-23 00:00:00+00:00,1415750400000000000,2014-11-12 00:00:00+00:00,1728000000000000,358.42,423.56,['0.78 USD'],-0.18174,-65.92 USD,True
BACKTESTER-001,EMACrossStrategy-000,BTCUSD.CRYPTO,CRYPTO-001,O-20141112-000000-001-000-37,O-20141122-000000-001-000-38,BUY,FLAT,0,1,1415750400000000000,2014-11-12 00:00:00+00:00,1416614400000000000,2014-11-22 00:00:00+00:00,864000000000000,423.56,352.92,['0.77 USD'],-0.16678,-71.41 USD,True
BACKTESTER-001,EMACrossStrategy-000,BTCUSD.CRYPTO,CRYPTO-001,O-20141122-000000-001-000-39,O-20141124-000000-001-000-40,SELL,FLAT,0,1,1416614400000000000,2014-11-22 00:00:00+00:00,1416787200000000000,2014-11-24 00:00:00+00:00,172800000000000,352.92,376.9,['0.73 USD'],-0.06795,-24.71 USD,True
BACKTESTER-001,EMACrossStrategy-000,BTCUSD.CRYPTO,CRYPTO-001,O-20141124-000000-001-000-41,O-20141209-000000-001-000-42,BUY,FLAT,0,1,1416787200000000000,2014-11-24 00:00:00+00:00,1418083200000000000,2014-12-09 00:00:00+00:00,1296000000000000,376.9,352.22,['0.73 USD'],-0.06548,-25.41 USD,True
BACKTESTER-001,EMACrossStrategy-000,BTCUSD.CRYPTO,CRYPTO-001,O-20141209-000000-001-000-43,O-20150217-000000-001-000-44,SELL,FLAT,0,1,1418083200000000000,2014-12-09 00:00:00+00:00,1424131200000000000,2015-02-17 00:00:00+00:00,6048000000000000,352.22,243.61,['0.59 USD'],0.30836,108.02 USD,True
BACKTESTER-001,EMACrossStrategy-000,BTCUSD.CRYPTO,CRYPTO-001,O-20150217-000000-001-000-45,O-20150322-000000-001-000-46,BUY,FLAT,0,1,1424131200000000000,2015-02-17 00:00:00+00:00,1426982400000000000,2015-03-22 00:00:00+00:00,2851200000000000,243.61,267.96,['0.51 USD'],0.09995,23.84 USD,True
BACKTESTER-001,EMACrossStrategy-000,BTCUSD.CRYPTO,CRYPTO-001,O-20150322-000000-001-000-47,O-20150504-000000-001-000-48,SELL,FLAT,0,1,1426982400000000000,2015-03-22 00:00:00+00:00,1430697600000000000,2015-05-04 00:00:00+00:00,3715200000000000,267.96,239.02,['0.51 USD'],0.108,28.43 USD,True
BACKTESTER-001,EMACrossStrategy-000,BTCUSD.CRYPTO,CRYPTO-001,O-20150504-000000-001-000-49,O-20150519-000000-001-000-50,BUY,FLAT,0,1,1430697600000000000,2015-05-04 00:00:00+00:00,1431993600000000000,2015-05-19 00:00:00+00:00,1296000000000000,239.02,231.95,['0.47 USD'],-0.02958,-7.54 USD,True
BACKTESTER-001,EMACrossStrategy-000,BTCUSD.CRYPTO,CRYPTO-001,O-20150519-000000-001-000-51,O-20150522-000000-001-000-52,SELL,FLAT,0,1,1431993600000000000,2015-05-19 00:00:00+00:00,1432252800000000000,2015-05-22 00:00:00+00:00,259200000000000,231.95,240.35,['0.47 USD'],-0.03621,-8.87 USD,True
BACKTESTER-001,EMACrossStrategy-000,BTCUSD.CRYPTO,CRYPTO-001,O-20150522-000000-001-000-53,O-20150530-000000-001-000-54,BUY,FLAT,0,1,1432252800000000000,2015-05-22 00:00:00+00:00,1432944000000000000,2015-05-30 00:00:00+00:00,691200000000000,240.35,233.35,['0.47 USD'],-0.02912,-7.47 USD,True
BACKTESTER-001,EMACrossStrategy-000,BTCUSD.CRYPTO,CRYPTO-001,O-20150530-000000-001-000-55,O-20150615-000000-001-000-56,SELL,FLAT,0,1,1432944000000000000,2015-05-30 00:00:00+00:00,1434326400000000000,2015-06-15 00:00:00+00:00,1382400000000000,233.35,236.82,['0.47 USD'],-0.01487,-3.94 USD,True
BACKTESTER-001,EMACrossStrategy-000,BTCUSD.CRYPTO,CRYPTO-001,O-20150615-000000-001-000-57,O-20150808-000000-001-000-58,BUY,FLAT,0,1,1434326400000000000,2015-06-15 00:00:00+00:00,1438992000000000000,2015-08-08 00:00:00+00:00,4665600000000000,236.82,261.0,['0.50 USD'],0.1021,23.68 USD,True
BACKTESTER-001,EMACrossStrategy-000,BTCUSD.CRYPTO,CRYPTO-001,O-20150808-000000-001-000-59,O-20150928-000000-001-000-60,SELL,FLAT,0,1,1438992000000000000,2015-08-08 00:00:00+00:00,1443398400000000000,2015-09-28 00:00:00+00:00,4406400000000000,261.0,239.14,['0.50 USD'],0.08375,21.36 USD,True
BACKTESTER-001,EMACrossStrategy-000,BTCUSD.CRYPTO,CRYPTO-001,O-20150928-000000-001-000-61,O-20151120-000000-001-000-62,BUY,FLAT,0,1,1443398400000000000,2015-09-28 00:00:00+00:00,1447977600000000000,2015-11-20 00:00:00+00:00,4579200000000000,239.14,322.02,['0.56 USD'],0.34658,82.32 USD,True
BACKTESTER-001,EMACrossStrategy-000,BTCUSD.CRYPTO,CRYPTO-001,O-20151120-000000-001-000-63,O-20151126-000000-001-000-64,SELL,FLAT,0,1,1447977600000000000,2015-11-20 00:00:00+00:00,1448496000000000000,2015-11-26 00:00:00+00:00,518400000000000,322.02,352.68,['0.67 USD'],-0.09521,-31.33 USD,True
BACKTESTER-001,EMACrossStrategy-000,BTCUSD.CRYPTO,CRYPTO-001,O-20151126-000000-001-000-65,O-20160115-000000-001-000-66,BUY,FLAT,0,1,1448496000000000000,2015-11-26 00:00:00+00:00,1452816000000000000,2016-01-15 00:00:00+00:00,4320000000000000,352.68,364.33,['0.71 USD'],0.03303,10.94 USD,True
BACKTESTER-001,EMACrossStrategy-000,BTCUSD.CRYPTO,CRYPTO-001,O-20160115-000000-001-000-67,O-20160215-000000-001-000-68,SELL,FLAT,0,1,1452816000000000000,2016-01-15 00:00:00+00:00,1455494400000000000,2016-02-15 00:00:00+00:00,2678400000000000,364.33,400.18,['0.76 USD'],-0.0984,-36.61 USD,True
BACKTESTER-001,EMACrossStrategy-000,BTCUSD.CRYPTO,CRYPTO-001,O-20160215-000000-001-000-69,O-20160308-000000-001-000-70,BUY,FLAT,0,1,1455494400000000000,2016-02-15 00:00:00+00:00,1457395200000000000,2016-03-08 00:00:00+00:00,1900800000000000,400.18,413.97,['0.81 USD'],0.03446,12.98 USD,True
BACKTESTER-001,EMACrossStrategy-000,BTCUSD.CRYPTO,CRYPTO-001,O-20160308-000000-001-000-71,O-20160311-000000-001-000-72,SELL,FLAT,0,1,1457395200000000000,2016-03-08 00:00:00+00:00,1457654400000000000,2016-03-11 00:00:00+00:00,259200000000000,413.97,421.69,['0.83 USD'],-0.01865,-8.55 USD,True
BACKTESTER-001,EMACrossStrategy-000,BTCUSD.CRYPTO,CRYPTO-001,O-20160311-000000-001-000-73,O-20160312-000000-001-000-74,BUY,FLAT,0,1,1457654400000000000,2016-03-11 00:00:00+00:00,1457740800000000000,2016-03-12 00:00:00+00:00,86400000000000,421.69,411.62,['0.83 USD'],-0.02388,-10.90 USD,True
BACKTESTER-001,EMACrossStrategy-000,BTCUSD.CRYPTO,CRYPTO-001,O-20160312-000000-001-000-75,O-20160317-000000-001-000-76,SELL,FLAT,0,1,1457740800000000000,2016-03-12 00:00:00+00:00,1458172800000000000,2016-03-17 00:00:00+00:00,432000000000000,411.62,420.62,['0.83 USD'],-0.02186,-9.83 USD,True
BACKTESTER-001,EMACrossStrategy-000,BTCUSD.CRYPTO,CRYPTO-001,O-20160317-000000-001-000-77,O-20160318-000000-001-000-78,BUY,FLAT,0,1,1458172800000000000,2016-03-17 00:00:00+00:00,1458259200000000000,2016-03-18 00:00:00+00:00,86400000000000,420.62,409.55,['0.83 USD'],-0.02632,-11.90 USD,True
BACKTESTER-001,EMACrossStrategy-000,BTCUSD.CRYPTO,CRYPTO-001,O-20160318-000000-001-000-79,O-20160325-000000-001-000-80,SELL,FLAT,0,1,1458259200000000000,2016-03-18 00:00:00+00:00,1458864000000000000,2016-03-25 00:00:00+00:00,604800000000000,409.55,417.18,['0.83 USD'],-0.01863,-8.46 USD,True
BACKTESTER-001,EMACrossStrategy-000,BTCUSD.CRYPTO,CRYPTO-001,O-20160325-000000-001-000-81,O-20160520-000000-001-000-82,BUY,FLAT,0,1,1458864000000000000,2016-03-25 00:00:00+00:00,1463702400000000000,2016-05-20 00:00:00+00:00,4838400000000000,417.18,442.68,['0.86 USD'],0.06112,24.64 USD,True
BACKTESTER-001,EMACrossStrategy-000,BTCUSD.CRYPTO,CRYPTO-001,O-20160520-000000-001-000-83,O-20160527-000000-001-000-84,SELL,FLAT,0,1,1463702400000000000,2016-05-20 00:00:00+00:00,1464307200000000000,2016-05-27 00:00:00+00:00,604800000000000,442.68,473.46,['0.91 USD'],-0.06953,-31.69 USD,True
BACKTESTER-001,EMACrossStrategy-000,BTCUSD.CRYPTO,CRYPTO-001,O-20160527-000000-001-000-85,O-20160725-000000-001-000-86,BUY,FLAT,0,1,1464307200000000000,2016-05-27 00:00:00+00:00,1469404800000000000,2016-07-25 00:00:00+00:00,5097600000000000,473.46,654.1,['1.12 USD'],0.38153,179.52 USD,True
BACKTESTER-001,EMACrossStrategy-000,BTCUSD.CRYPTO,CRYPTO-001,O-20160725-000000-001-000-87,O-20160904-000000-001-000-88,SELL,FLAT,0,1,1469404800000000000,2016-07-25 00:00:00+00:00,1472947200000000000,2016-09-04 00:00:00+00:00,3542400000000000,654.1,608.63,['1.26 USD'],0.06952,44.21 USD,True
BACKTESTER-001,EMACrossStrategy-000,BTCUSD.CRYPTO,CRYPTO-001,O-20160904-000000-001-000-89,O-20170111-000000-001-000-90,BUY,FLAT,0,1,1472947200000000000,2016-09-04 00:00:00+00:00,1484092800000000000,2017-01-11 00:00:00+00:00,11145600000000000,608.63,777.76,['1.39 USD'],0.27789,167.74 USD,True
BACKTESTER-001,EMACrossStrategy-000,BTCUSD.CRYPTO,CRYPTO-001,O-20170111-000000-001-000-91,O-20170122-000000-001-000-92,SELL,FLAT,0,1,1484092800000000000,2017-01-11 00:00:00+00:00,1485043200000000000,2017-01-22 00:00:00+00:00,950400000000000,777.76,924.67,['1.70 USD'],-0.18889,-148.61 USD,True
BACKTESTER-001,EMACrossStrategy-000,BTCUSD.CRYPTO,CRYPTO-001,O-20170122-000000-001-000-93,O-20170318-000000-001-000-94,BUY,FLAT,0,1,1485043200000000000,2017-01-22 00:00:00+00:00,1489795200000000000,2017-03-18 00:00:00+00:00,4752000000000000,924.67,973.82,['1.89 USD'],0.05315,47.26 USD,True
BACKTESTER-001,EMACrossStrategy-000,BTCUSD.CRYPTO,CRYPTO-001,O-20170318-000000-001-000-95,O-20170404-000000-001-000-96,SELL,FLAT,0,1,1489795200000000000,2017-03-18 00:00:00+00:00,1491264000000000000,2017-04-04 00:00:00+00:00,1468800000000000,973.82,1133.25,['2.10 USD'],-0.16372,-161.53 USD,True
BACKTESTER-001,EMACrossStrategy-000,BTCUSD.CRYPTO,CRYPTO-001,O-20170404-000000-001-000-97,O-20170630-000000-001-000-98,BUY,FLAT,0,1,1491264000000000000,2017-04-04 00:00:00+00:00,1498780800000000000,2017-06-30 00:00:00+00:00,7516800000000000,1133.25,2480.84,['3.61 USD'],1.18914,1343.98 USD,True
BACKTESTER-001,EMACrossStrategy-000,BTCUSD.CRYPTO,CRYPTO-001,O-20170630-000000-001-000-99,O-20170706-000000-001-000-100,SELL,FLAT,0,1,1498780800000000000,2017-06-30 00:00:00+00:00,1499299200000000000,2017-07-06 00:00:00+00:00,518400000000000,2480.84,2608.56,['5.09 USD'],-0.05148,-132.81 USD,True
BACKTESTER-001,EMACrossStrategy-000,BTCUSD.CRYPTO,CRYPTO-001,O-20170706-000000-001-000-101,O-20170707-000000-001-000-102,BUY,FLAT,0,1,1499299200000000000,2017-07-06 00:00:00+00:00,1499385600000000000,2017-07-07 00:00:00+00:00,86400000000000,2608.56,2518.66,['5.13 USD'],-0.03446,-95.03 USD,True
BACKTESTER-001,EMACrossStrategy-000,BTCUSD.CRYPTO,CRYPTO-001,O-20170707-000000-001-000-103,O-20170721-000000-001-000-104,SELL,FLAT,0,1,1499385600000000000,2017-07-07 00:00:00+00:00,1500595200000000000,2017-07-21 00:00:00+00:00,1209600000000000,2518.66,2667.76,['5.19 USD'],-0.0592,-154.29 USD,True
BACKTESTER-001,EMACrossStrategy-000,BTCUSD.CRYPTO,CRYPTO-001,O-20170721-000000-001-000-105,O-20170913-000000-001-000-106,BUY,FLAT,0,1,1500595200000000000,2017-07-21 00:00:00+00:00,1505260800000000000,2017-09-13 00:00:00+00:00,4665600000000000,2667.76,3882.59,['6.55 USD'],0.45537,1208.28 USD,True
BACKTESTER-001,EMACrossStrategy-000,BTCUSD.CRYPTO,CRYPTO-001,O-20170913-000000-001-000-107,O-20170929-000000-001-000-108,SELL,FLAT,0,1,1505260800000000000,2017-09-13 00:00:00+00:00,1506643200000000000,2017-09-29 00:00:00+00:00,1382400000000000,3882.59,4163.07,['8.04 USD'],-0.07224,-288.52 USD,True
BACKTESTER-001,EMACrossStrategy-000,BTCUSD.CRYPTO,CRYPTO-001,O-20170929-000000-001-000-109,O-20171230-000000-001-000-110,BUY,FLAT,0,1,1506643200000000000,2017-09-29 00:00:00+00:00,1514592000000000000,2017-12-30 00:00:00+00:00,7948800000000000,4163.07,12952.2,['17.11 USD'],2.11121,8772.02 USD,True
BACKTESTER-001,EMACrossStrategy-000,BTCUSD.CRYPTO,CRYPTO-001,O-20171230-000000-001-000-111,O-20180105-000000-001-000-112,SELL,FLAT,0,1,1514592000000000000,2017-12-30 00:00:00+00:00,1515110400000000000,2018-01-05 00:00:00+00:00,518400000000000,12952.2,17429.5,['30.38 USD'],-0.34568,-4507.68 USD,True
BACKTESTER-001,EMACrossStrategy-000,BTCUSD.CRYPTO,CRYPTO-001,O-20180105-000000-001-000-113,O-20180111-000000-001-000-114,BUY,FLAT,0,1,1515110400000000000,2018-01-05 00:00:00+00:00,1515628800000000000,2018-01-11 00:00:00+00:00,518400000000000,17429.5,13405.8,['30.84 USD'],-0.23086,-4054.54 USD,True
BACKTESTER-001,EMACrossStrategy-000,BTCUSD.CRYPTO,CRYPTO-001,O-20180111-000000-001-000-115,O-20180218-000000-001-000-116,SELL,FLAT,0,1,1515628800000000000,2018-01-11 00:00:00+00:00,1518912000000000000,2018-02-18 00:00:00+00:00,3283200000000000,13405.8,10551.8,['23.96 USD'],0.21289,2830.04 USD,True
BACKTESTER-001,EMACrossStrategy-000,BTCUSD.CRYPTO,CRYPTO-001,O-20180218-000000-001-000-117,O-20180309-000000-001-000-118,BUY,FLAT,0,1,1518912000000000000,2018-02-18 00:00:00+00:00,1520553600000000000,2018-03-09 00:00:00+00:00,1641600000000000,10551.8,9337.55,['19.89 USD'],-0.11508,-1234.14 USD,True
BACKTESTER-001,EMACrossStrategy-000,BTCUSD.CRYPTO,CRYPTO-001,O-20180309-000000-001-000-119,O-20180416-000000-001-000-120,SELL,FLAT,0,1,1520553600000000000,2018-03-09 00:00:00+00:00,1523836800000000000,2018-04-16 00:00:00+00:00,3283200000000000,9337.55,8058.67,['17.40 USD'],0.13696,1261.48 USD,True
BACKTESTER-001,EMACrossStrategy-000,BTCUSD.CRYPTO,CRYPTO-001,O-20180416-000000-001-000-121,O-20180513-000000-001-000-122,BUY,FLAT,0,1,1523836800000000000,2018-04-16 00:00:00+00:00,1526169600000000000,2018-05-13 00:00:00+00:00,2332800000000000,8058.67,8723.94,['16.78 USD'],0.08255,648.49 USD,True
BACKTESTER-001,EMACrossStrategy-000,BTCUSD.CRYPTO,CRYPTO-001,O-20180513-000000-001-000-123,O-20180708-000000-001-000-124,SELL,FLAT,0,1,1526169600000000000,2018-05-13 00:00:00+00:00,1531008000000000000,2018-07-08 00:00:00+00:00,4838400000000000,8723.94,6773.88,['15.49 USD'],0.22353,1934.57 USD,True
BACKTESTER-001,EMACrossStrategy-000,BTCUSD.CRYPTO,CRYPTO-001,O-20180708-000000-001-000-125,O-20180710-000000-001-000-126,BUY,FLAT,0,1,1531008000000000000,2018-07-08 00:00:00+00:00,1531180800000000000,2018-07-10 00:00:00+00:00,172800000000000,6773.88,6329.95,['13.10 USD'],-0.06554,-457.03 USD,True
BACKTESTER-001,EMACrossStrategy-000,BTCUSD.CRYPTO,CRYPTO-001,O-20180710-000000-001-000-127,O-20180717-000000-001-000-128,SELL,FLAT,0,1,1531180800000000000,2018-07-10 00:00:00+00:00,1531785600000000000,2018-07-17 00:00:00+00:00,604800000000000,6329.95,7321.04,['13.65 USD'],-0.15657,-1004.74 USD,True
BACKTESTER-001,EMACrossStrategy-000,BTCUSD.CRYPTO,CRYPTO-001,O-20180717-000000-001-000-129,O-20180806-000000-001-000-130,BUY,FLAT,0,1,1531785600000000000,2018-07-17 00:00:00+00:00,1533513600000000000,2018-08-06 00:00:00+00:00,1728000000000000,7321.04,6951.8,['14.27 USD'],-0.05044,-383.51 USD,True
BACKTESTER-001,EMACrossStrategy-000,BTCUSD.CRYPTO,CRYPTO-001,O-20180806-000000-001-000-131,O-20180828-000000-001-000-132,SELL,FLAT,0,1,1533513600000000000,2018-08-06 00:00:00+00:00,1535414400000000000,2018-08-28 00:00:00+00:00,1900800000000000,6951.8,7096.28,['14.05 USD'],-0.02078,-158.53 USD,True
BACKTESTER-001,EMACrossStrategy-000,BTCUSD.CRYPTO,CRYPTO-001,O-20180828-000000-001-000-133,O-20180908-000000-001-000-134,BUY,FLAT,0,1,1535414400000000000,2018-08-28 00:00:00+00:00,1536364800000000000,2018-09-08 00:00:00+00:00,950400000000000,7096.28,6225.98,['13.33 USD'],-0.12264,-883.63 USD,True
BACKTESTER-001,EMACrossStrategy-000,BTCUSD.CRYPTO,CRYPTO-001,O-20180908-000000-001-000-135,O-20180928-000000-001-000-136,SELL,FLAT,0,1,1536364800000000000,2018-09-08 00:00:00+00:00,1538092800000000000,2018-09-28 00:00:00+00:00,1728000000000000,6225.98,6644.13,['12.87 USD'],-0.06716,-431.02 USD,True
BACKTESTER-001,EMACrossStrategy-000,BTCUSD.CRYPTO,CRYPTO-001,O-20180928-000000-001-000-137,O-20181003-000000-001-000-138,BUY,FLAT,0,1,1538092800000000000,2018-09-28 00:00:00+00:00,1538524800000000000,2018-10-03 00:00:00+00:00,432000000000000,6644.13,6502.59,['13.14 USD'],-0.0213,-154.68 USD,True
BACKTESTER-001,EMACrossStrategy-000,BTCUSD.CRYPTO,CRYPTO-001,O-20181003-000000-001-000-139,O-20181006-000000-001-000-140,SELL,FLAT,0,1,1538524800000000000,2018-10-03 00:00:00+00:00,1538784000000000000,2018-10-06 00:00:00+00:00,259200000000000,6502.59,6588.31,['13.09 USD'],-0.01318,-98.81 USD,True
BACKTESTER-001,EMACrossStrategy-000,BTCUSD.CRYPTO,CRYPTO-001,O-20181006-000000-001-000-141,O-20181011-000000-001-000-142,BUY,FLAT,0,1,1538784000000000000,2018-10-06 00:00:00+00:00,1539216000000000000,2018-10-11 00:00:00+00:00,432000000000000,6588.31,6256.24,['12.85 USD'],-0.0504,-344.92 USD,True
BACKTESTER-001,EMACrossStrategy-000,BTCUSD.CRYPTO,CRYPTO-001,O-20181011-000000-001-000-143,O-20181224-000000-001-000-144,SELL,FLAT,0,1,1539216000000000000,2018-10-11 00:00:00+00:00,1545609600000000000,2018-12-24 00:00:00+00:00,6393600000000000,6256.24,4078.6,['10.34 USD'],0.34807,2167.30 USD,True
BACKTESTER-001,EMACrossStrategy-000,BTCUSD.CRYPTO,CRYPTO-001,O-20181224-000000-001-000-145,O-20181227-000000-001-000-146,BUY,FLAT,0,1,1545609600000000000,2018-12-24 00:00:00+00:00,1545868800000000000,2018-12-27 00:00:00+00:00,259200000000000,4078.6,3654.83,['7.73 USD'],-0.1039,-431.50 USD,True
BACKTESTER-001,EMACrossStrategy-000,BTCUSD.CRYPTO,CRYPTO-001,O-20181227-000000-001-000-147,O-20181228-000000-001-000-148,SELL,FLAT,0,1,1545868800000000000,2018-12-27 00:00:00+00:00,1545955200000000000,2018-12-28 00:00:00+00:00,86400000000000,3654.83,3923.92,['7.57 USD'],-0.07363,-276.66 USD,True
BACKTESTER-001,EMACrossStrategy-000,BTCUSD.CRYPTO,CRYPTO-001,O-20181228-000000-001-000-149,O-20181231-000000-001-000-150,BUY,FLAT,0,1,1545955200000000000,2018-12-28 00:00:00+00:00,1546214400000000000,2018-12-31 00:00:00+00:00,259200000000000,3923.92,3742.7,['7.66 USD'],-0.04618,-188.88 USD,True
BACKTESTER-001,EMACrossStrategy-000,BTCUSD.CRYPTO,CRYPTO-001,O-20181231-000000-001-000-151,O-20190102-000000-001-000-152,SELL,FLAT,0,1,1546214400000000000,2018-12-31 00:00:00+00:00,1546387200000000000,2019-01-02 00:00:00+00:00,172800000000000,3742.7,3943.41,['7.68 USD'],-0.05363,-208.39 USD,True
BACKTESTER-001,EMACrossStrategy-000,BTCUSD.CRYPTO,CRYPTO-001,O-20190102-000000-001-000-153,O-20190111-000000-001-000-154,BUY,FLAT,0,1,1546387200000000000,2019-01-02 00:00:00+00:00,1547164800000000000,2019-01-11 00:00:00+00:00,777600000000000,3943.41,3687.37,['7.63 USD'],-0.06493,-263.67 USD,True
BACKTESTER-001,EMACrossStrategy-000,BTCUSD.CRYPTO,CRYPTO-001,O-20190111-000000-001-000-155,O-20190211-000000-001-000-156,SELL,FLAT,0,1,1547164800000000000,2019-01-11 00:00:00+00:00,1549843200000000000,2019-02-11 00:00:00+00:00,2678400000000000,3687.37,3648.43,['7.34 USD'],0.01056,31.60 USD,True
BACKTESTER-001,EMACrossStrategy-000,BTCUSD.CRYPTO,CRYPTO-001,O-20190211-000000-001-000-157,O-20190716-000000-001-000-158,BUY,FLAT,0,1,1549843200000000000,2019-02-11 00:00:00+00:00,1563235200000000000,2019-07-16 00:00:00+00:00,13392000000000000,3648.43,9477.64,['13.13 USD'],1.59773,5816.08 USD,True
BACKTESTER-001,EMACrossStrategy-000,BTCUSD.CRYPTO,CRYPTO-001,O-20190716-000000-001-000-159,O-20190804-000000-001-000-160,SELL,FLAT,0,1,1563235200000000000,2019-07-16 00:00:00+00:00,1564876800000000000,2019-08-04 00:00:00+00:00,1641600000000000,9477.64,10970.18,['20.45 USD'],-0.15748,-1512.99 USD,True
BACKTESTER-001,EMACrossStrategy-000,BTCUSD.CRYPTO,CRYPTO-001,O-20190804-000000-001-000-161,O-20190816-000000-001-000-162,BUY,FLAT,0,1,1564876800000000000,2019-08-04 00:00:00+00:00,1565913600000000000,2019-08-16 00:00:00+00:00,1036800000000000,10970.18,10374.34,['21.34 USD'],-0.05431,-617.18 USD,True
BACKTESTER-001,EMACrossStrategy-000,BTCUSD.CRYPTO,CRYPTO-001,O-20190816-000000-001-000-163,O-20190907-000000-001-000-164,SELL,FLAT,0,1,1565913600000000000,2019-08-16 00:00:00+00:00,1567814400000000000,2019-09-07 00:00:00+00:00,1900800000000000,10374.34,10517.25,['20.89 USD'],-0.01378,-163.80 USD,True
BACKTESTER-001,EMACrossStrategy-000,BTCUSD.CRYPTO,CRYPTO-001,O-20190907-000000-001-000-165,O-20190910-000000-001-000-166,BUY,FLAT,0,1,1567814400000000000,2019-09-07 00:00:00+00:00,1568073600000000000,2019-09-10 00:00:00+00:00,259200000000000,10517.25,10115.98,['20.64 USD'],-0.03815,-421.91 USD,True
BACKTESTER-001,EMACrossStrategy-000,BTCUSD.CRYPTO,CRYPTO-001,O-20190910-000000-001-000-167,O-20190913-000000-001-000-168,SELL,FLAT,0,1,1568073600000000000,2019-09-10 00:00:00+00:00,1568332800000000000,2019-09-13 00:00:00+00:00,259200000000000,10115.98,10360.55,['20.48 USD'],-0.02418,-265.05 USD,True
BACKTESTER-001,EMACrossStrategy-000,BTCUSD.CRYPTO,CRYPTO-001,O-20190913-000000-001-000-169,O-20190917-000000-001-000-170,BUY,FLAT,0,1,1568332800000000000,2019-09-13 00:00:00+00:00,1568678400000000000,2019-09-17 00:00:00+00:00,345600000000000,10360.55,10241.27,['20.60 USD'],-0.01151,-139.88 USD,True
BACKTESTER-001,EMACrossStrategy-000,BTCUSD.CRYPTO,CRYPTO-001,O-20190917-000000-001-000-171,O-20191027-000000-001-000-172,SELL,FLAT,0,1,1568678400000000000,2019-09-17 00:00:00+00:00,1572134400000000000,2019-10-27 00:00:00+00:00,3456000000000000,10241.27,9551.71,['19.79 USD'],0.06733,669.77 USD,True
BACKTESTER-001,EMACrossStrategy-000,BTCUSD.CRYPTO,CRYPTO-001,O-20191027-000000-001-000-173,O-20191114-000000-001-000-174,BUY,FLAT,0,1,1572134400000000000,2019-10-27 00:00:00+00:00,1573689600000000000,2019-11-14 00:00:00+00:00,1555200000000000,9551.71,8708.1,['18.26 USD'],-0.08832,-861.87 USD,True
BACKTESTER-001,EMACrossStrategy-000,BTCUSD.CRYPTO,CRYPTO-001,O-20191114-000000-001-000-175,O-20200105-000000-001-000-176,SELL,FLAT,0,1,1573689600000000000,2019-11-14 00:00:00+00:00,1578182400000000000,2020-01-05 00:00:00+00:00,4492800000000000,8708.1,7411.32,['16.12 USD'],0.14892,1280.66 USD,True
BACKTESTER-001,EMACrossStrategy-000,BTCUSD.CRYPTO,CRYPTO-001,O-20200105-000000-001-000-177,O-20200226-000000-001-000-178,BUY,FLAT,0,1,1578182400000000000,2020-01-05 00:00:00+00:00,1582675200000000000,2020-02-26 00:00:00+00:00,4492800000000000,7411.32,8820.52,['16.23 USD'],0.19014,1392.97 USD,True
BACKTESTER-001,EMACrossStrategy-000,BTCUSD.CRYPTO,CRYPTO-001,O-20200226-000000-001-000-179,O-20200406-000000-001-000-180,SELL,FLAT,0,1,1582675200000000000,2020-02-26 00:00:00+00:00,1586131200000000000,2020-04-06 00:00:00+00:00,3456000000000000,8820.52,7271.78,['16.09 USD'],0.17558,1532.65 USD,True
BACKTESTER-001,EMACrossStrategy-000,BTCUSD.CRYPTO,CRYPTO-001,O-20200406-000000-001-000-181,O-20200619-000000-001-000-182,BUY,FLAT,0,1,1586131200000000000,2020-04-06 00:00:00+00:00,1592524800000000000,2020-06-19 00:00:00+00:00,6393600000000000,7271.78,9288.02,['16.56 USD'],0.27727,1999.68 USD,True
BACKTESTER-001,EMACrossStrategy-000,BTCUSD.CRYPTO,CRYPTO-001,O-20200619-000000-001-000-183,O-20200623-000000-001-000-184,SELL,FLAT,0,1,1592524800000000000,2020-06-19 00:00:00+00:00,1592870400000000000,2020-06-23 00:00:00+00:00,345600000000000,9288.02,9629.66,['18.92 USD'],-0.03678,-360.56 USD,True
BACKTESTER-001,EMACrossStrategy-000,BTCUSD.CRYPTO,CRYPTO-001,O-20200623-000000-001-000-185,O-20200624-000000-001-000-186,BUY,FLAT,0,1,1592870400000000000,2020-06-23 00:00:00+00:00,1592956800000000000,2020-06-24 00:00:00+00:00,86400000000000,9629.66,9313.61,['18.94 USD'],-0.03282,-334.99 USD,True
BACKTESTER-001,EMACrossStrategy-000,BTCUSD.CRYPTO,CRYPTO-001,O-20200624-000000-001-000-187,O-20200722-000000-001-000-188,SELL,FLAT,0,1,1592956800000000000,2020-06-24 00:00:00+00:00,1595376000000000000,2020-07-22 00:00:00+00:00,2419200000000000,9313.61,9525.36,['18.84 USD'],-0.02274,-230.59 USD,True
BACKTESTER-001,EMACrossStrategy-000,BTCUSD.CRYPTO,CRYPTO-001,O-20200722-000000-001-000-189,O-20200903-000000-001-000-190,BUY,FLAT,0,1,1595376000000000000,2020-07-22 00:00:00+00:00,1599091200000000000,2020-09-03 00:00:00+00:00,3715200000000000,9525.36,10245.3,['19.78 USD'],0.07558,700.16 USD,True
BACKTESTER-001,EMACrossStrategy-000,BTCUSD.CRYPTO,CRYPTO-001,O-20200903-000000-001-000-191,O-20201008-000000-001-000-192,SELL,FLAT,0,1,1599091200000000000,2020-09-03 00:00:00+00:00,1602115200000000000,2020-10-08 00:00:00+00:00,3024000000000000,10245.3,10915.69,['21.17 USD'],-0.06543,-691.56 USD,True
BACKTESTER-001,EMACrossStrategy-000,BTCUSD.CRYPTO,CRYPTO-001,O-20201008-000000-001-000-193,O-20210125-000000-001-000-194,BUY,FLAT,0,1,1602115200000000000,2020-10-08 00:00:00+00:00,1611532800000000000,2021-01-25 00:00:00+00:00,9417600000000000,10915.69,32366.39,['43.29 USD'],1.96513,21407.41 USD,True
BACKTESTER-001,EMACrossStrategy-000,BTCUSD.CRYPTO,CRYPTO-001,O-20210125-000000-001-000-195,O-20210202-000000-001-000-196,SELL,FLAT,0,1,1611532800000000000,2021-01-25 00:00:00+00:00,1612224000000000000,2021-02-02 00:00:00+00:00,691200000000000,32366.39,35510.29,['67.88 USD'],-0.09713,-3211.78 USD,True
BACKTESTER-001,EMACrossStrategy-000,BTCUSD.CRYPTO,CRYPTO-001,O-20210202-000000-001-000-197,O-20210421-000000-001-000-198,BUY,FLAT,0,1,1612224000000000000,2021-02-02 00:00:00+00:00,1618963200000000000,2021-04-21 00:00:00+00:00,6739200000000000,35510.29,53906.09,['89.42 USD'],0.51804,18306.38 USD,True
BACKTESTER-001,EMACrossStrategy-000,BTCUSD.CRYPTO,CRYPTO-001,O-20210421-000000-001-000-199,O-20210507-000000-001-000-200,SELL,FLAT,0,1,1618963200000000000,2021-04-21 00:00:00+00:00,1620345600000000000,2021-05-07 00:00:00+00:00,1382400000000000,53906.09,57356.4,['111.27 USD'],-0.06401,-3561.58 USD,True
BACKTESTER-001,EMACrossStrategy-000,BTCUSD.CRYPTO,CRYPTO-001,O-20210507-000000-001-000-201,O-20210512-000000-001-000-202,BUY,FLAT,0,1,1620345600000000000,2021-05-07 00:00:00+00:00,1620777600000000000,2021-05-12 00:00:00+00:00,432000000000000,57356.4,49150.53,['106.51 USD'],-0.14307,-8312.38 USD,True
BACKTESTER-001,EMACrossStrategy-000,BTCUSD.CRYPTO,CRYPTO-001,O-20210512-000000-001-000-203,O-20210725-000000-001-000-204,SELL,FLAT,0,1,1620777600000000000,2021-05-12 00:00:00+00:00,1627171200000000000,2021-07-25 00:00:00+00:00,6393600000000000,49150.53,35350.19,['84.50 USD'],0.28078,13715.84 USD,True
BACKTESTER-001,EMACrossStrategy-000,BTCUSD.CRYPTO,CRYPTO-001,O-20210725-000000-001-000-205,O-20210910-000000-001-000-206,BUY,FLAT,0,1,1627171200000000000,2021-07-25 00:00:00+00:00,1631232000000000000,2021-09-10 00:00:00+00:00,4060800000000000,35350.19,44883.91,['80.23 USD'],0.26969,9453.49 USD,True
BACKTESTER-001,EMACrossStrategy-000,BTCUSD.CRYPTO,CRYPTO-001,O-20210910-000000-001-000-207,O-20211003-000000-001-000-208,SELL,FLAT,0,1,1631232000000000000,2021-09-10 00:00:00+00:00,1633219200000000000,2021-10-03 00:00:00+00:00,1987200000000000,44883.91,48199.95,['93.08 USD'],-0.07388,-3409.12 USD,True
BACKTESTER-001,EMACrossStrategy-000,BTCUSD.CRYPTO,CRYPTO-001,O-20211003-000000-001-000-209,O-20211118-000000-001-000-210,BUY,FLAT,0,1,1633219200000000000,2021-10-03 00:00:00+00:00,1637193600000000000,2021-11-18 00:00:00+00:00,3974400000000000,48199.95,56942.14,['105.14 USD'],0.18137,8637.05 USD,True
BACKTESTER-001,EMACrossStrategy-000,BTCUSD.CRYPTO,CRYPTO-001,O-20211118-000000-001-000-211,O-20220207-000000-001-000-212,SELL,FLAT,0,1,1637193600000000000,2021-11-18 00:00:00+00:00,1644192000000000000,2022-02-07 00:00:00+00:00,6998400000000000,56942.14,43840.29,['100.78 USD'],0.23009,13001.07 USD,True
BACKTESTER-001,EMACrossStrategy-000,BTCUSD.CRYPTO,CRYPTO-001,O-20220207-000000-001-000-213,O-20220220-000000-001-000-214,BUY,FLAT,0,1,1644192000000000000,2022-02-07 00:00:00+00:00,1645315200000000000,2022-02-20 00:00:00+00:00,1123200000000000,43840.29,38431.38,['82.27 USD'],-0.12338,-5491.18 USD,True
BACKTESTER-001,EMACrossStrategy-000,BTCUSD.CRYPTO,CRYPTO-001,O-20220220-000000-001-000-215,O-20220301-000000-001-000-216,SELL,FLAT,0,1,1645315200000000000,2022-02-20 00:00:00+00:00,1646092800000000000,2022-03-01 00:00:00+00:00,777600000000000,38431.38,44354.64,['82.78 USD'],-0.15413,-6006.04 USD,True
BACKTESTER-001,EMACrossStrategy-000,BTCUSD.CRYPTO,CRYPTO-001,O-20220301-000000-001-000-217,O-20220306-000000-001-000-218,BUY,FLAT,0,1,1646092800000000000,2022-03-01 00:00:00+00:00,1646524800000000000,2022-03-06 00:00:00+00:00,432000000000000,44354.64,38419.98,['82.77 USD'],-0.1338,-6017.43 USD,True
BACKTESTER-001,EMACrossStrategy-000,BTCUSD.CRYPTO,CRYPTO-001,O-20220306-000000-001-000-219,O-20220318-000000-001-000-220,SELL,FLAT,0,1,1646524800000000000,2022-03-06 00:00:00+00:00,1647561600000000000,2022-03-18 00:00:00+00:00,1036800000000000,38419.98,41801.15,['80.22 USD'],-0.08801,-3461.39 USD,True
BACKTESTER-001,EMACrossStrategy-000,BTCUSD.CRYPTO,CRYPTO-001,O-20220318-000000-001-000-221,O-20220410-000000-001-000-222,BUY,FLAT,0,1,1647561600000000000,2022-03-18 00:00:00+00:00,1649548800000000000,2022-04-10 00:00:00+00:00,1987200000000000,41801.15,42207.67,['84.01 USD'],0.00973,322.51 USD,True
BACKTESTER-001,EMACrossStrategy-000,BTCUSD.CRYPTO,CRYPTO-001,O-20220410-000000-001-000-223,O-20220719-000000-001-000-224,SELL,FLAT,0,1,1649548800000000000,2022-04-10 00:00:00+00:00,1658188800000000000,2022-07-19 00:00:00+00:00,8640000000000000,42207.67,23389.43,['65.60 USD'],0.44585,18752.64 USD,True
BACKTESTER-001,EMACrossStrategy-000,BTCUSD.CRYPTO,CRYPTO-001,O-20220719-000000-001-000-225,O-20220819-000000-001-000-226,BUY,FLAT,0,1,1658188800000000000,2022-07-19 00:00:00+00:00,1660867200000000000,2022-08-19 00:00:00+00:00,2678400000000000,23389.43,20877.55,['44.27 USD'],-0.10739,-2556.15 USD,True
BACKTESTER-001,EMACrossStrategy-000,BTCUSD.CRYPTO,CRYPTO-001,O-20220819-000000-001-000-227,O-20220912-000000-001-000-228,SELL,FLAT,0,1,1660867200000000000,2022-08-19 00:00:00+00:00,1662940800000000000,2022-09-12 00:00:00+00:00,2073600000000000,20877.55,22370.45,['43.25 USD'],-0.07151,-1536.15 USD,True
BACKTESTER-001,EMACrossStrategy-000,BTCUSD.CRYPTO,CRYPTO-001,O-20220912-000000-001-000-229,O-20220914-000000-001-000-230,BUY,FLAT,0,1,1662940800000000000,2022-09-12 00:00:00+00:00,1663113600000000000,2022-09-14 00:00:00+00:00,172800000000000,22370.45,20241.09,['42.61 USD'],-0.09519,-2171.97 USD,True
BACKTESTER-001,EMACrossStrategy-000,BTCUSD.CRYPTO,CRYPTO-001,O-20220914-000000-001-000-231,O-20221006-000000-001-000-232,SELL,FLAT,0,1,1663113600000000000,2022-09-14 00:00:00+00:00,1665014400000000000,2022-10-06 00:00:00+00:00,1900800000000000,20241.09,19955.44,['40.20 USD'],0.01411,245.45 USD,True
BACKTESTER-001,EMACrossStrategy-000,BTCUSD.CRYPTO,CRYPTO-001,O-20221006-000000-001-000-233,O-20221008-000000-001-000-234,BUY,FLAT,0,1,1665014400000000000,2022-10-06 00:00:00+00:00,1665187200000000000,2022-10-08 00:00:00+00:00,172800000000000,19955.44,19416.57,['39.38 USD'],-0.027,-578.25 USD,True
BACKTESTER-001,EMACrossStrategy-000,BTCUSD.CRYPTO,CRYPTO-001,O-20221008-000000-001-000-235,O-20221025-000000-001-000-236,SELL,FLAT,0,1,1665187200000000000,2022-10-08 00:00:00+00:00,1666656000000000000,2022-10-25 00:00:00+00:00,1468800000000000,19416.57,20095.86,['39.52 USD'],-0.03499,-718.81 USD,True
BACKTESTER-001,EMACrossStrategy-000,BTCUSD.CRYPTO,CRYPTO-001,O-20221025-000000-001-000-237,O-20221109-000000-001-000-238,BUY,FLAT,0,1,1666656000000000000,2022-10-25 00:00:00+00:00,1667952000000000000,2022-11-09 00:00:00+00:00,1296000000000000,20095.86,15880.78,['35.98 USD'],-0.20975,-4251.06 USD,True
BACKTESTER-001,EMACrossStrategy-000,BTCUSD.CRYPTO,CRYPTO-001,O-20221109-000000-001-000-239,O-20221211-000000-001-000-240,SELL,FLAT,0,1,1667952000000000000,2022-11-09 00:00:00+00:00,1670716800000000000,2022-12-11 00:00:00+00:00,2764800000000000,15880.78,17104.19,['32.98 USD'],-0.07704,-1256.39 USD,True
BACKTESTER-001,EMACrossStrategy-000,BTCUSD.CRYPTO,CRYPTO-001,O-20221211-000000-001-000-241,O-20221218-000000-001-000-242,BUY,FLAT,0,1,1670716800000000000,2022-12-11 00:00:00+00:00,1671321600000000000,2022-12-18 00:00:00+00:00,604800000000000,17104.19,16757.98,['33.86 USD'],-0.02024,-380.07 USD,True
BACKTESTER-001,EMACrossStrategy-000,BTCUSD.CRYPTO,CRYPTO-001,O-20221218-000000-001-000-243,O-20230108-000000-001-000-244,SELL,FLAT,0,1,1671321600000000000,2022-12-18 00:00:00+00:00,1673136000000000000,2023-01-08 00:00:00+00:00,1814400000000000,16757.98,17091.14,['33.85 USD'],-0.01988,-367.01 USD,True
BACKTESTER-001,EMACrossStrategy-000,BTCUSD.CRYPTO,CRYPTO-001,O-20230108-000000-001-000-245,O-20230213-000000-001-000-246,BUY,FLAT,0,1,1673136000000000000,2023-01-08 00:00:00+00:00,1676246400000000000,2023-02-13 00:00:00+00:00,3110400000000000,17091.14,21808.1,['38.90 USD'],0.27599,4678.06 USD,True
BACKTESTER-001,EMACrossStrategy-000,BTCUSD.CRYPTO,CRYPTO-001,O-20230213-000000-001-000-247,O-20230215-000000-001-000-248,SELL,FLAT,0,1,1676246400000000000,2023-02-13 00:00:00+00:00,1676419200000000000,2023-02-15 00:00:00+00:00,172800000000000,21808.1,24307.84,['46.12 USD'],-0.11462,-2545.86 USD,True
BACKTESTER-001,EMACrossStrategy-000,BTCUSD.CRYPTO,CRYPTO-001,O-20230215-000000-001-000-249,O-20230303-000000-001-000-250,BUY,FLAT,0,1,1676419200000000000,2023-02-15 00:00:00+00:00,1677801600000000000,2023-03-03 00:00:00+00:00,1382400000000000,24307.84,22362.68,['46.67 USD'],-0.08002,-1991.83 USD,True
BACKTESTER-001,EMACrossStrategy-000,BTCUSD.CRYPTO,CRYPTO-001,O-20230303-000000-001-000-251,O-20230315-000000-001-000-252,SELL,FLAT,0,1,1677801600000000000,2023-03-03 00:00:00+00:00,1678838400000000000,2023-03-15 00:00:00+00:00,1036800000000000,22362.68,24375.96,['46.74 USD'],-0.09003,-2060.02 USD,True
BACKTESTER-001,EMACrossStrategy-000,BTCUSD.CRYPTO,CRYPTO-001,O-20230315-000000-001-000-253,O-20230423-000000-001-000-254,BUY,FLAT,0,1,1678838400000000000,2023-03-15 00:00:00+00:00,1682208000000000000,2023-04-23 00:00:00+00:00,3369600000000000,24375.96,27591.38,['51.97 USD'],0.13191,3163.45 USD,True
BACKTESTER-001,EMACrossStrategy-000,BTCUSD.CRYPTO,CRYPTO-001,O-20230423-000000-001-000-255,O-20230428-000000-001-000-256,SELL,FLAT,0,1,1682208000000000000,2023-04-23 00:00:00+00:00,1682640000000000000,2023-04-28 00:00:00+00:00,432000000000000,27591.38,29340.26,['56.93 USD'],-0.06339,-1805.81 USD,True
BACKTESTER-001,EMACrossStrategy-000,BTCUSD.CRYPTO,CRYPTO-001,O-20230428-000000-001-000-257,O-20230508-000000-001-000-258,BUY,FLAT,0,1,1682640000000000000,2023-04-28 00:00:00+00:00,1683504000000000000,2023-05-08 00:00:00+00:00,864000000000000,29340.26,27694.27,['57.03 USD'],-0.0561,-1703.02 USD,True
BACKTESTER-001,EMACrossStrategy-000,BTCUSD.CRYPTO,CRYPTO-001,O-20230508-000000-001-000-259,O-20230620-000000-001-000-260,SELL,FLAT,0,1,1683504000000000000,2023-05-08 00:00:00+00:00,1687219200000000000,2023-06-20 00:00:00+00:00,3715200000000000,27694.27,28327.49,['56.02 USD'],-0.02286,-689.24 USD,True
BACKTESTER-001,EMACrossStrategy-000,BTCUSD.CRYPTO,CRYPTO-001,O-20230620-000000-001-000-261,O-20230722-000000-001-000-262,BUY,FLAT,0,1,1687219200000000000,2023-06-20 00:00:00+00:00,1689984000000000000,2023-07-22 00:00:00+00:00,2764800000000000,28327.49,29771.8,['58.10 USD'],0.05099,1386.21 USD,True
BACKTESTER-001,EMACrossStrategy-000,BTCUSD.CRYPTO,CRYPTO-001,O-20230722-000000-001-000-263,O-20230918-000000-001-000-264,SELL,FLAT,0,1,1689984000000000000,2023-07-22 00:00:00+00:00,1694995200000000000,2023-09-18 00:00:00+00:00,5011200000000000,29771.8,26754.28,['56.52 USD'],0.10135,2961.00 USD,True
BACKTESTER-001,EMACrossStrategy-000,BTCUSD.CRYPTO,CRYPTO-001,O-20230918-000000-001-000-265,O-20230926-000000-001-000-266,BUY,FLAT,0,1,1694995200000000000,2023-09-18 00:00:00+00:00,1695686400000000000,2023-09-26 00:00:00+00:00,691200000000000,26754.28,26217.25,['52.97 USD'],-0.02007,-590.00 USD,True
BACKTESTER-001,EMACrossStrategy-000,BTCUSD.CRYPTO,CRYPTO-001,O-20230926-000000-001-000-267,O-20230928-000000-001-000-268,SELL,FLAT,0,1,1695686400000000000,2023-09-26 00:00:00+00:00,1695859200000000000,2023-09-28 00:00:00+00:00,172800000000000,26217.25,27021.55,['53.24 USD'],-0.03068,-857.54 USD,True
BACKTESTER-001,EMACrossStrategy-000,BTCUSD.CRYPTO,CRYPTO-001,O-20230928-000000-001-000-269,O-20240115-000000-001-000-270,BUY,FLAT,0,1,1695859200000000000,2023-09-28 00:00:00+00:00,1705276800000000000,2024-01-15 00:00:00+00:00,9417600000000000,27021.55,42511.97,['69.53 USD'],0.57326,15420.89 USD,True
BACKTESTER-001,EMACrossStrategy-000,BTCUSD.CRYPTO,CRYPTO-001,O-20240115-000000-001-000-271,O-20240201-000000-001-000-272,SELL,FLAT,0,1,1705276800000000000,2024-01-15 00:00:00+00:00,1706745600000000000,2024-02-01 00:00:00+00:00,1468800000000000,42511.97,43075.77,['85.59 USD'],-0.01326,-649.39 USD,True
BACKTESTER-001,EMACrossStrategy-000,BTCUSD.CRYPTO,CRYPTO-001,O-20240201-000000-001-000-273,O-20240413-000000-001-000-274,BUY,FLAT,0,1,1706745600000000000,2024-02-01 00:00:00+00:00,1712966400000000000,2024-04-13 00:00:00+00:00,6220800000000000,43075.77,63821.47,['106.90 USD'],0.48161,20638.80 USD,True
BACKTESTER-001,EMACrossStrategy-000,BTCUSD.CRYPTO,CRYPTO-001,O-20240413-000000-001-000-275,O-20240516-000000-001-000-276,SELL,FLAT,0,1,1712966400000000000,2024-04-13 00:00:00+00:00,1715817600000000000,2024-05-16 00:00:00+00:00,2851200000000000,63821.47,65231.58,['129.05 USD'],-0.02209,-1539.16 USD,True
BACKTESTER-001,EMACrossStrategy-000,BTCUSD.CRYPTO,CRYPTO-001,O-20240516-000000-001-000-277,O-20240614-000000-001-000-278,BUY,FLAT,0,1,1715817600000000000,2024-05-16 00:00:00+00:00,1718323200000000000,2024-06-14 00:00:00+00:00,2505600000000000,65231.58,66011.09,['131.24 USD'],0.01195,648.27 USD,True
BACKTESTER-001,EMACrossStrategy-000,BTCUSD.CRYPTO,CRYPTO-001,O-20240614-000000-001-000-279,O-20240716-000000-001-000-280,SELL,FLAT,0,1,1718323200000000000,2024-06-14 00:00:00+00:00,1721088000000000000,2024-07-16 00:00:00+00:00,2764800000000000,66011.09,65097.15,['131.11 USD'],0.01385,782.83 USD,True
BACKTESTER-001,EMACrossStrategy-000,BTCUSD.CRYPTO,CRYPTO-001,O-20240716-000000-001-000-281,O-20240803-000000-001-000-282,BUY,FLAT,0,1,1721088000000000000,2024-07-16 00:00:00+00:00,1722643200000000000,2024-08-03 00:00:00+00:00,1555200000000000,65097.15,60680.09,['125.78 USD'],-0.06785,-4542.84 USD,True
BACKTESTER-001,EMACrossStrategy-000,BTCUSD.CRYPTO,CRYPTO-001,O-20240803-000000-001-000-283,O-20240823-000000-001-000-284,SELL,FLAT,0,1,1722643200000000000,2024-08-03 00:00:00+00:00,1724371200000000000,2024-08-23 00:00:00+00:00,1728000000000000,60680.09,64094.36,['124.77 USD'],-0.05627,-3539.04 USD,True
BACKTESTER-001,EMACrossStrategy-000,BTCUSD.CRYPTO,CRYPTO-001,O-20240823-000000-001-000-285,O-20240829-000000-001-000-286,BUY,FLAT,0,1,1724371200000000000,2024-08-23 00:00:00+00:00,1724889600000000000,2024-08-29 00:00:00+00:00,518400000000000,64094.36,59388.18,['123.48 USD'],-0.07343,-4829.66 USD,True
BACKTESTER-001,EMACrossStrategy-000,BTCUSD.CRYPTO,CRYPTO-001,O-20240829-000000-001-000-287,O-20240917-000000-001-000-288,SELL,FLAT,0,1,1724889600000000000,2024-08-29 00:00:00+00:00,1726531200000000000,2024-09-17 00:00:00+00:00,1641600000000000,59388.18,60308.54,['119.70 USD'],-0.0155,-1040.06 USD,True
BACKTESTER-001,EMACrossStrategy-000,BTCUSD.CRYPTO,CRYPTO-001,O-20240917-000000-001-000-289,O-20241009-000000-001-000-290,BUY,FLAT,0,1,1726531200000000000,2024-09-17 00:00:00+00:00,1728432000000000000,2024-10-09 00:00:00+00:00,1900800000000000,60308.54,60582.1,['120.89 USD'],0.00454,152.67 USD,True
BACKTESTER-001,EMACrossStrategy-000,BTCUSD.CRYPTO,CRYPTO-001,O-20241009-000000-001-000-291,O-20241012-000000-001-000-292,SELL,FLAT,0,1,1728432000000000000,2024-10-09 00:00:00+00:00,1728691200000000000,2024-10-12 00:00:00+00:00,259200000000000,60582.1,63193.02,['123.77 USD'],-0.0431,-2734.69 USD,True
BACKTESTER-001,EMACrossStrategy-000,BTCUSD.CRYPTO,CRYPTO-001,O-20241012-000000-001-000-293,O-20241223-000000-001-000-294,BUY,FLAT,0,1,1728691200000000000,2024-10-12 00:00:00+00:00,1734912000000000000,2024-12-23 00:00:00+00:00,6220800000000000,63193.02,94686.24,['157.88 USD'],0.49837,31335.34 USD,True
BACKTESTER-001,EMACrossStrategy-000,BTCUSD.CRYPTO,CRYPTO-001,O-20241223-000000-001-000-295,O-20241225-000000-001-000-296,SELL,FLAT,0,1,1734912000000000000,2024-12-23 00:00:00+00:00,1735084800000000000,2024-12-25 00:00:00+00:00,172800000000000,94686.24,99299.19,['193.99 USD'],-0.04872,-4806.94 USD,True
BACKTESTER-001,EMACrossStrategy-000,BTCUSD.CRYPTO,CRYPTO-001,O-20241225-000000-001-000-297,O-20241226-000000-001-000-298,BUY,FLAT,0,1,1735084800000000000,2024-12-25 00:00:00+00:00,1735171200000000000,2024-12-26 00:00:00+00:00,86400000000000,99299.19,95795.52,['195.10 USD'],-0.03528,-3698.77 USD,True
BACKTESTER-001,EMACrossStrategy-000,BTCUSD.CRYPTO,CRYPTO-001,O-20241226-000000-001-000-299,O-20250106-000000-001-000-300,SELL,FLAT,0,1,1735171200000000000,2024-12-26 00:00:00+00:00,1736121600000000000,2025-01-06 00:00:00+00:00,950400000000000,95795.52,102078.09,['197.88 USD'],-0.06558,-6480.45 USD,True
BACKTESTER-001,EMACrossStrategy-000,BTCUSD.CRYPTO,CRYPTO-001,O-20250106-000000-001-000-301,O-20250109-000000-001-000-302,BUY,FLAT,0,1,1736121600000000000,2025-01-06 00:00:00+00:00,1736380800000000000,2025-01-09 00:00:00+00:00,259200000000000,102078.09,92484.04,['194.56 USD'],-0.09399,-9788.61 USD,True
BACKTESTER-001,EMACrossStrategy-000,BTCUSD.CRYPTO,CRYPTO-001,O-20250109-000000-001-000-303,O-20250115-000000-001-000-304,SELL,FLAT,0,1,1736380800000000000,2025-01-09 00:00:00+00:00,1736899200000000000,2025-01-15 00:00:00+00:00,518400000000000,92484.04,100504.49,['192.98 USD'],-0.08672,-8213.43 USD,True
BACKTESTER-001,EMACrossStrategy-000,BTCUSD.CRYPTO,CRYPTO-001,O-20250115-000000-001-000-305,O-20250204-000000-001-000-306,BUY,FLAT,0,1,1736899200000000000,2025-01-15 00:00:00+00:00,1738627200000000000,2025-02-04 00:00:00+00:00,1728000000000000,100504.49,97871.82,['198.37 USD'],-0.02619,-2831.04 USD,True
BACKTESTER-001,EMACrossStrategy-000,BTCUSD.CRYPTO,CRYPTO-001,O-20250204-000000-001-000-307,O-20250327-000000-001-000-308,SELL,FLAT,0,1,1738627200000000000,2025-02-04 00:00:00+00:00,1743033600000000000,2025-03-27 00:00:00+00:00,4406400000000000,97871.82,87177.1,['185.05 USD'],0.10927,10509.67 USD,True
BACKTESTER-001,EMACrossStrategy-000,BTCUSD.CRYPTO,CRYPTO-001,O-20250327-000000-001-000-309,O-20250328-000000-001-000-310,BUY,FLAT,0,1,1743033600000000000,2025-03-27 00:00:00+00:00,1743120000000000000,2025-03-28 00:00:00+00:00,86400000000000,87177.1,84353.15,['171.53 USD'],-0.03239,-2995.48 USD,True
BACKTESTER-001,EMACrossStrategy-000,BTCUSD.CRYPTO,CRYPTO-001,O-20250328-000000-001-000-311,O-20250416-000000-001-000-312,SELL,FLAT,0,1,1743120000000000000,2025-03-28 00:00:00+00:00,1744761600000000000,2025-04-16 00:00:00+00:00,1641600000000000,84353.15,84033.87,['168.38 USD'],0.00379,150.90 USD,True
BACKTESTER-001,EMACrossStrategy-000,BTCUSD.CRYPTO,CRYPTO-001,O-20250416-000000-001-000-313,O-20250618-000000-001-000-314,BUY,FLAT,0,1,1744761600000000000,2025-04-16 00:00:00+00:00,1750204800000000000,2025-06-18 00:00:00+00:00,5443200000000000,84033.87,104883.33,['188.91 USD'],0.24811,20660.55 USD,True
BACKTESTER-001,EMACrossStrategy-000,BTCUSD.CRYPTO,CRYPTO-001,O-20250618-000000-001-000-315,O-20250626-000000-001-000-316,SELL,FLAT,0,1,1750204800000000000,2025-06-18 00:00:00+00:00,1750896000000000000,2025-06-26 00:00:00+00:00,691200000000000,104883.33,106960.0,['211.84 USD'],-0.0198,-2288.51 USD,True
BACKTESTER-001,EMACrossStrategy-000,BTCUSD.CRYPTO,CRYPTO-001,O-20250626-000000-001-000-317,O-20250802-000000-001-000-318,BUY,FLAT,0,1,1750896000000000000,2025-06-26 00:00:00+00:00,1754092800000000000,2025-08-02 00:00:00+00:00,3196800000000000,106960.0,112526.91,['219.49 USD'],0.05205,5347.42 USD,True
BACKTESTER-001,EMACrossStrategy-000,BTCUSD.CRYPTO,CRYPTO-001,O-20250802-000000-001-000-319,O-20250809-000000-001-000-320,SELL,FLAT,0,1,1754092800000000000,2025-08-02 00:00:00+00:00,1754697600000000000,2025-08-09 00:00:00+00:00,604800000000000,112526.91,116500.36,['229.03 USD'],-0.03531,-4202.48 USD,True
BACKTESTER-001,EMACrossStrategy-000,BTCUSD.CRYPTO,CRYPTO-001,O-20250809-000000-001-000-321,O-20250819-000000-001-000-322,BUY,FLAT,0,1,1754697600000000000,2025-08-09 00:00:00+00:00,1755561600000000000,2025-08-19 00:00:00+00:00,864000000000000,116500.36,112831.18,['229.33 USD'],-0.0315,-3898.51 USD,True
BACKTESTER-001,EMACrossStrategy-000,BTCUSD.CRYPTO,CRYPTO-001,O-20250819-000000-001-000-323,O-20250911-000000-001-000-324,SELL,FLAT,0,1,1755561600000000000,2025-08-19 00:00:00+00:00,1757548800000000000,2025-09-11 00:00:00+00:00,1987200000000000,112831.18,115507.54,['228.34 USD'],-0.02372,-2904.70 USD,True
BACKTESTER-001,EMACrossStrategy-000,BTCUSD.CRYPTO,CRYPTO-001,O-20250911-000000-001-000-325,O-20250925-000000-001-000-326,BUY,FLAT,0,1,1757548800000000000,2025-09-11 00:00:00+00:00,1758758400000000000,2025-09-25 00:00:00+00:00,1209600000000000,115507.54,109049.29,['224.56 USD'],-0.05591,-6682.81 USD,True
BACKTESTER-001,EMACrossStrategy-000,BTCUSD.CRYPTO,CRYPTO-001,O-20250925-000000-001-000-327,O-20251001-000000-001-000-328,SELL,FLAT,0,1,1758758400000000000,2025-09-25 00:00:00+00:00,1759276800000000000,2025-10-01 00:00:00+00:00,518400000000000,109049.29,118648.93,['227.70 USD'],-0.08803,-9827.34 USD,True
BACKTESTER-001,EMACrossStrategy-000,BTCUSD.CRYPTO,CRYPTO-001,O-20251001-000000-001-000-329,O-20251014-000000-001-000-330,BUY,FLAT,0,1,1759276800000000000,2025-10-01 00:00:00+00:00,1760400000000000000,2025-10-14 00:00:00+00:00,1123200000000000,118648.93,113118.67,['231.77 USD'],-0.04661,-5762.03 USD,True
BACKTESTER-001,EMACrossStrategy-000,BTCUSD.CRYPTO,CRYPTO-001,O-20251014-000000-001-000-331,O-20260103-000000-001-000-332,SELL,FLAT,0,1,1760400000000000000,2025-10-14 00:00:00+00:00,1767398400000000000,2026-01-03 00:00:00+00:00,6998400000000000,113118.67,90603.19,['203.72 USD'],0.19904,22311.76 USD,True
BACKTESTER-001,EMACrossStrategy-000,BTCUSD.CRYPTO,CRYPTO-001,O-20260103-000000-001-000-333,O-20260122-000000-001-000-334,BUY,FLAT,0,1,1767398400000000000,2026-01-03 00:00:00+00:00,1769040000000000000,2026-01-22 00:00:00+00:00,1641600000000000,90603.19,89462.45,['180.06 USD'],-0.01259,-1320.80 USD,True
BACKTESTER-001,EMACrossStrategy-000,BTCUSD.CRYPTO,CRYPTO-001,O-20260122-000000-001-000-335,O-20260310-000000-001-000-336,SELL,FLAT,0,1,1769040000000000000,2026-01-22 00:00:00+00:00,1773100800000000000,2026-03-10 00:00:00+00:00,4060800000000000,89462.45,69926.92,['159.39 USD'],0.21837,19376.14 USD,False
